,acc,f1,mcc,auc,model,embedding_name,embedding_type,original_dim_number,compression,compression_name,compression_dim,is_seed,seed
0,0.894736842105263,0.891304347826087,0.790058401248773,0.927555555555556,h2o,refex,node_stats,0,False,no_compression,0,False,NA
1,0.894736842105263,0.886363636363636,0.789125554854101,0.950222222222222,h2o,rolx_dim_128_pca_16,rolx,128,True,pca,128,False,NA
2,0.884210526315789,0.884210526315789,0.773333333333333,0.915555555555556,h2o,emb_all_pca_16,all_embeddings,0,True,pca,0,False,NA
3,0.873684210526316,0.877551020408163,0.759617711474071,0.905777777777778,h2o,struc2vec_dim_128,struc2vec,128,False,no_compression,128,False,NA
4,0.873684210526316,0.877551020408163,0.759617711474071,,h2o,node_stats_emb_pca,node_stats,0,True,pca,0,False,NA
5,0.873684210526316,0.877551020408163,0.759617711474071,0.918000000000000,h2o,node_stats_nbrs_emb_umap_16_seed_0,node_stats,0,True,umap,0,True,0
6,0.873684210526316,0.872340425531915,0.750444345679110,0.918444444444444,h2o,node_stats_nbrs_emb_pca_16,node_stats,0,True,pca,0,False,NA
7,0.873684210526316,0.872340425531915,0.750444345679110,0.883555555555555,h2o,struc2vec_dim_32,struc2vec,32,False,no_compression,32,False,NA
8,0.873684210526316,0.872340425531915,0.750444345679110,0.892666666666667,h2o,struc2vec_dim_128_pca_16,struc2vec,128,True,pca,128,False,NA
9,0.873684210526316,0.872340425531915,0.750444345679110,0.892666666666667,h2o,gcn_degree_cols_dim_32_umap_16_seed_0,gcn_degree,32,True,umap,32,True,0
10,0.884210526315789,0.870588235294118,0.770835176082973,0.934222222222222,h2o,node_stats_emb,node_stats,0,False,no_compression,0,False,NA
11,0.873684210526316,0.869565217391304,0.747892362979878,0.878888888888889,h2o,struc2vec_dim_8,struc2vec,8,False,no_compression,8,False,NA
12,0.873684210526316,0.869565217391304,0.747892362979878,0.885555555555555,h2o,struc2vec_dim_32_umap_16_seed_1,struc2vec,32,True,umap,32,True,1
13,0.863157894736842,0.868686868686869,0.741511568218234,0.894,h2o,node_stats_emb_umap_16_seed_2,node_stats,0,True,umap,0,True,2
14,0.863157894736842,0.868686868686869,0.741511568218234,0.880444444444444,h2o,struc2vec_dim_32_pca_16,struc2vec,32,True,pca,32,False,NA
15,0.863157894736842,0.863157894736842,0.731111111111111,0.891555555555555,h2o,gcn_node_stats_cols_dim_128_pca_16,gcn_gf,128,True,pca,128,False,NA
16,0.863157894736842,0.863157894736842,0.731111111111111,0.904444444444444,h2o,gcn_node_stats_cols_dim_32_pca_16,gcn_gf,32,True,pca,32,False,NA
17,0.863157894736842,0.862745098039216,0.73156352095029,0.929333333333333,h2o,node_stats_emb_pca_16,node_stats,0,True,pca,0,False,NA
18,0.863157894736842,0.860215053763441,0.727918976431453,0.916,h2o,rolx_dim_32_pca_16,rolx,32,True,pca,32,False,NA
19,0.863157894736842,0.860215053763441,0.727918976431453,0.899555555555555,h2o,rolx_dim_128_umap_16_seed_2,rolx,128,True,umap,128,True,2
20,0.863157894736842,0.860215053763441,0.727918976431453,0.918888888888889,h2o,node_stats_nbrs_pca_16,node_stats,0,True,pca,0,False,NA
21,0.852631578947368,0.857142857142857,0.717168486421108,0.889555555555555,h2o,node_stats_umap_16_seed_2,node_stats,0,True,umap,0,True,2
22,0.873684210526316,0.857142857142857,0.751098097220564,0.928888888888889,h2o,rolx_dim_128,rolx,128,False,no_compression,128,False,NA
23,0.873684210526316,0.857142857142857,0.751098097220564,0.908888888888889,h2o,rolx_dim_64_pca_16,rolx,64,True,pca,64,False,NA
24,0.863157894736842,0.857142857142857,0.726021600701387,0.869111111111111,h2o,struc2vec_dim_32_umap_16_seed_0,struc2vec,32,True,umap,32,True,0
25,0.852631578947368,0.857142857142857,0.724568837309472,0.928444444444444,h2o,node_stats_nbrs_emb,node_stats,0,False,no_compression,0,False,NA
26,0.863157894736842,0.857142857142857,0.726021600701387,0.917777777777778,h2o,rolx_dim_128_umap_16_seed_0,rolx,128,True,umap,128,True,0
27,0.863157894736842,0.857142857142857,0.726021600701387,0.863333333333333,xgboost,refex,node_stats,0,False,no_compression,0,False,NA
28,0.863157894736842,0.853932584269663,0.725412306525267,0.903777777777778,h2o,node_stats_nbrs,node_stats,0,False,no_compression,0,False,NA
29,0.863157894736842,0.853932584269663,0.725412306525267,0.905333333333333,h2o,node_stats_nbrs_umap_16_seed_0,node_stats,0,True,umap,0,True,0
30,0.852631578947368,0.851063829787234,0.708259604353953,0.867111111111111,h2o,struc2vec_dim_4,struc2vec,4,False,no_compression,4,False,NA
31,0.852631578947368,0.847826086956522,0.705726324710982,0.912,h2o,node_stats_emb_umap_16_seed_0,node_stats,0,True,umap,0,True,0
32,0.852631578947368,0.847826086956522,0.705726324710982,0.878666666666667,h2o,struc2vec_dim_64,struc2vec,64,False,no_compression,64,False,NA
33,0.852631578947368,0.847826086956522,0.705726324710982,0.891111111111111,h2o,node_stats_emb_umap_16_seed_1,node_stats,0,True,umap,0,True,1
34,0.852631578947368,0.847826086956522,0.705726324710982,0.873111111111111,h2o,node_stats_umap_16_seed_1,node_stats,0,True,umap,0,True,1
35,0.842105263157895,0.845360824742268,0.693271320789902,0.891111111111111,h2o,struc2vec_dim_64_pca_16,struc2vec,64,True,pca,64,False,NA
36,0.842105263157895,0.845360824742268,0.693271320789902,0.893555555555555,h2o,struc2vec_dim_128_umap_16_seed_2,struc2vec,128,True,umap,128,True,2
37,0.852631578947368,0.844444444444444,0.704444444444444,0.892222222222222,h2o,node_stats_nbrs_umap_16_seed_1,node_stats,0,True,umap,0,True,1
38,0.842105263157895,0.843137254901961,0.688653724024566,0.914222222222222,h2o,rolx_dim_128_umap_16_seed_1,rolx,128,True,umap,128,True,1
39,0.852631578947368,0.840909090909091,0.704417161960158,0.903111111111111,h2o,node_stats,node_stats,0,False,no_compression,0,False,NA
40,0.852631578947368,0.840909090909091,0.704417161960158,0.890666666666667,h2o,node_stats_nbrs_umap_16_seed_2,node_stats,0,True,umap,0,True,2
41,0.852631578947368,0.837209302325581,0.705668108727323,0.872,h2o,gcn_node_stats_cols_dim_64,gcn_gf,64,False,no_compression,64,False,NA
42,0.842105263157895,0.836734693877551,0.685436526837629,0.910222222222222,h2o,rolx_dim_64,rolx,64,False,no_compression,64,False,NA
43,0.831578947368421,0.836734693877551,0.674719261368146,0.879333333333333,h2o,gcn_degree_cols_dim_32_pca_16,gcn_degree,32,True,pca,32,False,NA
44,0.842105263157895,0.835164835164835,0.68383685937623,,h2o,node_stats_pca,node_stats,0,True,pca,0,False,NA
45,0.842105263157895,0.835164835164835,0.68383685937623,0.885111111111111,h2o,node_stats_pca_16,node_stats,0,True,pca,0,False,NA
46,0.831578947368421,0.831683168316832,0.663131653401939,0.878222222222222,h2o,struc2vec_dim_128_umap_16_seed_0,struc2vec,128,True,umap,128,True,0
47,0.821052631578947,0.831683168316832,0.663131653401939,0.856888888888889,h2o,struc2vec_dim_64_umap_16_seed_0,struc2vec,64,True,umap,64,True,0
48,0.842105263157895,0.831460674157303,0.683133675163365,0.841111111111111,xgboost,node_stats_nbrs_pca_16,node_stats,0,True,pca,0,False,NA
49,0.842105263157895,0.831460674157303,0.683133675163365,0.881777777777778,h2o,struc2vec_dim_16,struc2vec,16,False,no_compression,16,False,NA
50,0.842105263157895,0.831460674157303,0.683133675163365,0.841111111111111,xgboost,node_stats_nbrs_emb_pca_16,node_stats,0,True,pca,0,False,NA
51,0.842105263157895,0.831460674157303,0.683133675163365,0.884888888888889,h2o,struc2vec_dim_128_umap_16_seed_1,struc2vec,128,True,umap,128,True,1
52,0.831578947368421,0.829787234042553,0.666074863028796,0.878888888888889,h2o,rolx_dim_32_umap_16_seed_2,rolx,32,True,umap,32,True,2
53,0.831578947368421,0.829787234042553,0.666074863028796,0.882222222222222,h2o,gcn_node_stats_cols_dim_32,gcn_gf,32,False,no_compression,32,False,NA
54,0.842105263157895,0.828282828282828,0.683655940326664,0.914,h2o,node_stats_nbrs_emb_umap_16_seed_2,node_stats,0,True,umap,0,True,2
55,0.842105263157895,0.827586206896552,0.683655940326664,0.874,h2o,gcn_degree_cols_dim_32_umap_16_seed_2,gcn_degree,32,True,umap,32,True,2
56,0.810526315789474,0.826923076923077,0.654135203620802,0.879777777777778,h2o,gcn_degree_cols_dim_32_umap_16_seed_1,gcn_degree,32,True,umap,32,True,1
57,0.831578947368421,0.826086956521739,0.663560286442087,0.870666666666667,h2o,rolx_dim_32_umap_16_seed_1,rolx,32,True,umap,32,True,1
58,0.831578947368421,0.826086956521739,0.663560286442087,0.876888888888889,h2o,gcn_node_stats_cols_dim_128_umap_16_seed_2,gcn_gf,128,True,umap,128,True,2
59,0.831578947368421,0.826086956521739,0.663560286442087,0.832222222222222,xgboost,rolx_dim_128,rolx,128,False,no_compression,128,False,NA
60,0.810526315789474,0.823529411764706,0.645497224367903,0.856888888888889,h2o,gcn_degree_cols_dim_8,gcn_degree,8,False,no_compression,8,False,NA
61,0.831578947368421,0.822222222222222,0.662222222222222,0.862666666666667,h2o,rolx_dim_32_umap_16_seed_0,rolx,32,True,umap,32,True,0
62,0.831578947368421,0.822222222222222,0.662222222222222,0.876888888888889,h2o,gcn_degree_cols_dim_16,gcn_degree,16,False,no_compression,16,False,NA
63,0.821052631578947,0.821052631578947,0.646666666666667,0.860888888888889,h2o,struc2vec_dim_32_umap_16_seed_2,struc2vec,32,True,umap,32,True,2
64,0.821052631578947,0.821052631578947,0.646666666666667,0.866,h2o,node_stats_umap_16_seed_0,node_stats,0,True,umap,0,True,0
65,0.810526315789474,0.82,0.638242536465202,0.874,h2o,struc2vec_dim_64_umap_16_seed_1,struc2vec,64,True,umap,64,True,1
66,0.8,0.819047619047619,0.637160533126107,0.863111111111111,h2o,gcn_node_stats_cols_dim_128_umap_16_seed_0,gcn_gf,128,True,umap,128,True,0
67,0.831578947368421,0.818181818181818,0.662062965513186,0.83,xgboost,rolx_dim_128_pca_16,rolx,128,True,pca,128,False,NA
68,0.831578947368421,0.818181818181818,0.662062965513186,0.83,xgboost,node_stats_nbrs,node_stats,0,False,no_compression,0,False,NA
69,0.831578947368421,0.818181818181818,0.662062965513186,0.83,xgboost,node_stats_nbrs_emb,node_stats,0,False,no_compression,0,False,NA
70,0.831578947368421,0.818181818181818,0.662062965513186,0.898222222222222,h2o,node_stats_nbrs_emb_umap_16_seed_1,node_stats,0,True,umap,0,True,1
71,0.810526315789474,0.816326530612245,0.632270036315183,0.879555555555556,h2o,rolx_dim_64_umap_16_seed_0,rolx,64,True,umap,64,True,0
72,0.842105263157895,0.814814814814815,0.693017366073787,0.884222222222222,h2o,gcn_degree_cols_dim_128_pca_16,gcn_degree,128,True,pca,128,False,NA
73,0.810526315789474,0.814814814814815,0.631518040338808,0.880222222222222,h2o,rolx_dim_64_umap_16_seed_1,rolx,64,True,umap,64,True,1
74,0.831578947368421,0.813953488372093,0.663104000581865,0.888888888888889,h2o,rolx_dim_64_umap_16_seed_2,rolx,64,True,umap,64,True,2
75,0.831578947368421,0.813953488372093,0.665387203243443,0.876,h2o,rolx_dim_16,rolx,16,False,no_compression,16,False,NA
76,0.821052631578947,0.813186813186813,0.641652118051073,0.821111111111111,xgboost,gcn_node_stats_cols_dim_128_pca_16,gcn_gf,128,True,pca,128,False,NA
77,0.831578947368421,0.8125,0.673964029624366,0.897555555555556,h2o,rolx_dim_32,rolx,32,False,no_compression,32,False,NA
78,0.8,0.811881188118812,0.620276206413379,0.850666666666667,h2o,gcn_dim_32_pca_16,gcn,16,True,pca,16,False,NA
79,0.810526315789474,0.811881188118812,0.620539892436408,0.873333333333333,h2o,gcn_node_stats_cols_dim_64_pca_16,gcn_gf,64,True,pca,64,False,NA
80,0.8,0.811881188118812,0.620276206413379,0.871111111111111,h2o,gcn_node_stats_cols_dim_64_umap_16_seed_1,gcn_gf,64,True,umap,64,True,1
81,0.789473684210526,0.811320754716981,0.620310543920511,0.874888888888889,h2o,gcn_dim_128_pca_16,gcn,16,True,pca,16,False,NA
82,0.821052631578947,0.808988764044944,0.640855043801463,0.863111111111111,h2o,gcn_degree_cols_dim_32,gcn_degree,32,False,no_compression,32,False,NA
83,0.821052631578947,0.808988764044944,0.640855043801463,0.869111111111111,h2o,gcn_node_stats_cols_dim_128_umap_16_seed_1,gcn_gf,128,True,umap,128,True,1
84,0.8,0.808080808080808,0.613819243781862,0.853333333333333,h2o,gcn_degree_cols_dim_64_umap_16_seed_0,gcn_degree,64,True,umap,64,True,0
85,0.821052631578947,0.804597701149425,0.64956083156751,0.871111111111111,h2o,gcn_degree_cols_dim_128,gcn_degree,128,False,no_compression,128,False,NA
86,0.810526315789474,0.804347826086956,0.621394248173192,0.811111111111111,xgboost,gcn_node_stats_cols_dim_64_umap_16_seed_0,gcn_gf,64,True,umap,64,True,0
87,0.810526315789474,0.804347826086956,0.621394248173192,0.862666666666667,h2o,gcn_node_stats_cols_dim_128,gcn_gf,128,False,no_compression,128,False,NA
88,0.789473684210526,0.803921568627451,0.602464076076709,0.861777777777778,h2o,gcn_node_stats_cols_dim_16,gcn_gf,16,False,no_compression,16,False,NA
89,0.8,0.803738317757009,0.606104297061233,0.843555555555555,h2o,gcn_node_stats_cols_dim_64_umap_16_seed_2,gcn_gf,64,True,umap,64,True,2
90,0.810526315789474,0.803738317757009,0.62,0.864888888888889,h2o,gcn_node_stats_cols_dim_64_umap_16_seed_0,gcn_gf,64,True,umap,64,True,0
91,0.778947368421053,0.803571428571429,0.613285743340798,0.823555555555556,h2o,node2vec_dim_64_umap_16_seed_1,node2vec,64,True,umap,64,True,1
92,0.810526315789474,0.8,0.62,0.81,xgboost,node_stats_emb,node_stats,0,False,no_compression,0,False,NA
93,0.810526315789474,0.8,0.62,0.81,xgboost,gcn_degree_cols_dim_32_umap_16_seed_1,gcn_degree,32,True,umap,32,True,1
94,0.810526315789474,0.8,0.620539892436408,0.842222222222222,h2o,rolx_dim_8,rolx,8,False,no_compression,8,False,NA
95,0.778947368421053,0.8,0.593456381034425,0.849777777777778,h2o,gcn_degree_cols_dim_64_umap_16_seed_1,gcn_degree,64,True,umap,64,True,1
96,0.789473684210526,0.8,0.59554321184253,0.834666666666667,h2o,gcn_node_stats_cols_dim_32_umap_16_seed_2,gcn_gf,32,True,umap,32,True,2
97,0.821052631578947,0.8,0.642737202214957,0.839111111111111,h2o,gcn_dim_64,gcn,64,False,no_compression,64,False,NA
98,0.821052631578947,0.8,0.642737202214957,0.861111111111111,h2o,gcn_degree_cols_dim_64_pca_16,gcn_degree,64,True,pca,64,False,NA
99,0.821052631578947,0.8,0.642737202214957,0.817777777777778,xgboost,rolx_dim_16,rolx,16,False,no_compression,16,False,NA
100,0.821052631578947,0.8,0.645497224367903,0.859555555555555,h2o,gcn_degree_cols_dim_64_umap_16_seed_2,gcn_degree,64,True,umap,64,True,2
101,0.8,0.795918367346939,0.617432136093333,0.865777777777778,h2o,gcn_node_stats_cols_dim_32_umap_16_seed_1,gcn_gf,32,True,umap,32,True,1
102,0.810526315789474,0.795454545454546,0.619708769066215,0.808888888888889,xgboost,node_stats_emb_umap_16_seed_0,node_stats,0,True,umap,0,True,0
103,0.810526315789474,0.795454545454546,0.625743836127772,0.86,h2o,struc2vec_dim_64_umap_16_seed_2,struc2vec,64,True,umap,64,True,2
104,0.810526315789474,0.795454545454546,0.620539892436408,0.83,h2o,gcn_dim_64_pca_16,gcn,16,True,pca,16,False,NA
105,0.778947368421053,0.792079207920792,0.577420759424818,0.849333333333333,h2o,gcn_dim_32_umap_16_seed_2,gcn,16,True,umap,16,True,2
106,0.789473684210526,0.791666666666667,0.585225265693697,0.848,h2o,gcn_dim_32,gcn,32,False,no_compression,32,False,NA
107,0.8,0.791666666666667,0.61105217759334,0.832888888888889,h2o,gcn_dim_64_umap_16_seed_1,gcn,16,True,umap,16,True,1
108,0.810526315789474,0.790697674418605,0.620539892436408,0.807777777777778,xgboost,rolx_dim_64_umap_16_seed_2,rolx,64,True,umap,64,True,2
109,0.810526315789474,0.790697674418605,0.620539892436408,0.807777777777778,xgboost,gcn_degree_cols_dim_128_pca_16,gcn_degree,128,True,pca,128,False,NA
110,0.810526315789474,0.790697674418605,0.620539892436408,,xgboost,node_stats_emb_pca,node_stats,0,True,pca,0,False,NA
111,0.821052631578947,0.790123456790123,0.64956083156751,0.869333333333333,h2o,gcn_degree_cols_dim_128_umap_16_seed_1,gcn_degree,128,True,umap,128,True,1
112,0.8,0.788990825688073,0.61105217759334,0.862444444444444,h2o,gcn_dim_64_umap_16_seed_0,gcn,16,True,umap,16,True,0
113,0.778947368421053,0.788461538461538,0.580053047971941,0.849777777777778,h2o,gcn_node_stats_cols_dim_32_umap_16_seed_0,gcn_gf,32,True,umap,32,True,0
114,0.778947368421053,0.787878787878788,0.571255135636404,0.825111111111111,h2o,gcn_dim_128,gcn,128,False,no_compression,128,False,NA
115,0.8,0.786516853932584,0.598576412439561,0.798888888888889,xgboost,rolx_dim_128_umap_16_seed_1,rolx,128,True,umap,128,True,1
116,0.8,0.786516853932584,0.598576412439561,0.798888888888889,xgboost,gcn_node_stats_cols_dim_64_pca_16,gcn_gf,64,True,pca,64,False,NA
117,0.8,0.786516853932584,0.598576412439561,0.798888888888889,xgboost,node_stats_emb_umap_16_seed_1,node_stats,0,True,umap,0,True,1
118,0.8,0.786516853932584,0.598576412439561,0.798888888888889,xgboost,rolx_dim_64,rolx,64,False,no_compression,64,False,NA
119,0.8,0.786516853932584,0.598576412439561,0.798888888888889,xgboost,node_stats_nbrs_emb_umap_16_seed_0,node_stats,0,True,umap,0,True,0
120,0.8,0.786516853932584,0.598576412439561,0.798888888888889,xgboost,gcn_degree_cols_dim_32_pca_16,gcn_degree,32,True,pca,32,False,NA
121,0.810526315789474,0.785714285714286,0.622531756254882,0.806666666666667,xgboost,rolx_dim_128_umap_16_seed_2,rolx,128,True,umap,128,True,2
122,0.810526315789474,0.785714285714286,0.630259877532684,0.838666666666667,h2o,gcn_degree_cols_dim_128_umap_16_seed_2,gcn_degree,128,True,umap,128,True,2
123,0.810526315789474,0.785714285714286,0.622531756254882,0.847111111111111,h2o,gcn_dim_64_umap_16_seed_2,gcn,16,True,umap,16,True,2
124,0.789473684210526,0.785046728971962,0.582510625631672,0.853555555555555,h2o,gcn_node_stats_cols_dim_8,gcn_gf,8,False,no_compression,8,False,NA
125,0.8,0.784313725490196,0.606104297061233,0.863333333333333,h2o,gcn_degree_cols_dim_64,gcn_degree,64,False,no_compression,64,False,NA
126,0.778947368421053,0.783505154639175,0.566208731448988,0.850222222222222,h2o,gcn_dim_32_umap_16_seed_1,gcn,16,True,umap,16,True,1
127,0.789473684210526,0.782608695652174,0.579228209904297,0.79,xgboost,node_stats_emb_pca_16,node_stats,0,True,pca,0,False,NA
128,0.8,0.781609195402299,0.598757490220739,0.797777777777778,xgboost,gcn_dim_64,gcn,64,False,no_compression,64,False,NA
129,0.8,0.781609195402299,0.598757490220739,0.797777777777778,xgboost,node_stats_nbrs_emb_umap_16_seed_1,node_stats,0,True,umap,0,True,1
130,0.8,0.781609195402299,0.598757490220739,0.797777777777778,xgboost,node_stats,node_stats,0,False,no_compression,0,False,NA
131,0.8,0.781609195402299,0.598757490220739,0.797777777777778,xgboost,gcn_dim_128_pca_16,gcn,16,True,pca,16,False,NA
132,0.8,0.781609195402299,0.598757490220739,0.797777777777778,xgboost,gcn_node_stats_cols_dim_32_pca_16,gcn_gf,32,True,pca,32,False,NA
133,0.810526315789474,0.780487804878049,0.625743836127772,0.839111111111111,h2o,gcn_degree_cols_dim_128_umap_16_seed_0,gcn_degree,128,True,umap,128,True,0
134,0.789473684210526,0.777777777777778,0.577777777777778,0.788888888888889,xgboost,gcn_degree_cols_dim_128_umap_16_seed_0,gcn_degree,128,True,umap,128,True,0
135,0.789473684210526,0.777777777777778,0.577777777777778,0.788888888888889,xgboost,node_stats_emb_umap_16_seed_2,node_stats,0,True,umap,0,True,2
136,0.8,0.776470588235294,0.600037877592285,0.796666666666667,xgboost,rolx_dim_64_pca_16,rolx,64,True,pca,64,False,NA
137,0.8,0.776470588235294,0.600037877592285,0.796666666666667,xgboost,rolx_dim_128_umap_16_seed_0,rolx,128,True,umap,128,True,0
138,0.8,0.776470588235294,0.600037877592285,0.796666666666667,xgboost,gcn_degree_cols_dim_64_pca_16,gcn_degree,64,True,pca,64,False,NA
139,0.747368421052632,0.774774774774775,0.537294805159351,0.792222222222222,h2o,node2vec_dim_32_umap_16_seed_0,node2vec,32,True,umap,32,True,0
140,0.778947368421053,0.774193548387097,0.559254823355873,0.78,xgboost,rolx_dim_64_umap_16_seed_1,rolx,64,True,umap,64,True,1
141,0.778947368421053,0.774193548387097,0.559254823355873,0.78,xgboost,gcn_dim_128,gcn,128,False,no_compression,128,False,NA
142,0.789473684210526,0.772727272727273,0.577354572619243,0.787777777777778,xgboost,struc2vec_dim_8,struc2vec,8,False,no_compression,8,False,NA
143,0.789473684210526,0.772727272727273,0.577354572619243,0.787777777777778,xgboost,struc2vec_dim_16,struc2vec,16,False,no_compression,16,False,NA
144,0.789473684210526,0.772727272727273,0.577354572619243,0.787777777777778,xgboost,gcn_node_stats_cols_dim_128_umap_16_seed_2,gcn_gf,128,True,umap,128,True,2
145,0.789473684210526,0.772727272727273,0.577354572619243,0.787777777777778,xgboost,struc2vec_dim_64_umap_16_seed_1,struc2vec,64,True,umap,64,True,1
146,0.747368421052632,0.769230769230769,0.523765600101971,0.826222222222222,h2o,rolx_dim_4,rolx,4,False,no_compression,4,False,NA
147,0.778947368421053,0.769230769230769,0.557282635400759,0.778888888888889,xgboost,gcn_node_stats_cols_dim_32,gcn_gf,32,False,no_compression,32,False,NA
148,0.789473684210526,0.767441860465116,0.57797578429095,0.786666666666667,xgboost,struc2vec_dim_32_pca_16,struc2vec,32,True,pca,32,False,NA
149,0.768421052631579,0.765957446808511,0.539520639053325,0.821777777777778,h2o,gcn_dim_128_umap_16_seed_1,gcn,16,True,umap,16,True,1
150,0.789473684210526,0.761904761904762,0.579676309266321,0.785555555555556,xgboost,rolx_dim_32_umap_16_seed_0,rolx,32,True,umap,32,True,0
151,0.778947368421053,0.760869565217391,0.557338552969613,0.826,h2o,gcn_dim_32_umap_16_seed_0,gcn,16,True,umap,16,True,0
152,0.768421052631579,0.760869565217391,0.537062171635402,0.768888888888889,xgboost,gcn_node_stats_cols_dim_16,gcn_gf,16,False,no_compression,16,False,NA
153,0.768421052631579,0.760869565217391,0.537062171635402,0.768888888888889,xgboost,gcn_node_stats_cols_dim_128_umap_16_seed_0,gcn_gf,128,True,umap,128,True,0
154,0.778947368421053,0.758620689655172,0.556308265167776,0.776666666666667,xgboost,emb_all_pca_16,all_embeddings,0,True,pca,0,False,NA
155,0.778947368421053,0.758620689655172,0.556308265167776,0.776666666666667,xgboost,node_stats_pca_16,node_stats,0,True,pca,0,False,NA
156,0.778947368421053,0.758620689655172,0.556308265167776,,xgboost,node_stats_pca,node_stats,0,True,pca,0,False,NA
157,0.757894736842105,0.756756756756757,0.542709209384912,0.816444444444444,h2o,gcn_dim_16,gcn,16,False,no_compression,16,False,NA
158,0.726315789473684,0.754716981132076,0.488378823758313,0.738222222222222,h2o,node2vec_dim_128_umap_16_seed_1,node2vec,128,True,umap,128,True,1
159,0.736842105263158,0.754716981132076,0.491709865447697,0.807111111111111,h2o,node2vec_dim_32_umap_16_seed_1,node2vec,32,True,umap,32,True,1
160,0.778947368421053,0.752941176470588,0.557338552969613,0.775555555555556,xgboost,struc2vec_dim_32_umap_16_seed_2,struc2vec,32,True,umap,32,True,2
161,0.757894736842105,0.752688172043011,0.517088785086978,0.758888888888889,xgboost,gcn_node_stats_cols_dim_64,gcn_gf,64,False,no_compression,64,False,NA
162,0.736842105263158,0.752475247524753,0.491709865447697,0.782222222222222,h2o,node2vec_dim_64_umap_16_seed_2,node2vec,64,True,umap,64,True,2
163,0.778947368421053,0.752293577981651,0.567074937539273,0.816,h2o,gcn_dim_128_umap_16_seed_2,gcn,16,True,umap,16,True,2
164,0.747368421052632,0.75,0.500668002969893,0.75,xgboost,gcn_dim_64_umap_16_seed_1,gcn,16,True,umap,16,True,1
165,0.768421052631579,0.75,0.535000376172272,0.766666666666667,xgboost,node_stats_nbrs_emb_umap_16_seed_2,node_stats,0,True,umap,0,True,2
166,0.768421052631579,0.75,0.535000376172272,0.766666666666667,xgboost,gcn_node_stats_cols_dim_128_umap_16_seed_1,gcn_gf,128,True,umap,128,True,1
167,0.768421052631579,0.75,0.535000376172272,0.766666666666667,xgboost,gcn_degree_cols_dim_32,gcn_degree,32,False,no_compression,32,False,NA
168,0.768421052631579,0.75,0.535000376172272,0.766666666666667,xgboost,rolx_dim_32,rolx,32,False,no_compression,32,False,NA
169,0.768421052631579,0.75,0.535000376172272,0.766666666666667,xgboost,gcn_degree_cols_dim_128_umap_16_seed_2,gcn_degree,128,True,umap,128,True,2
170,0.768421052631579,0.75,0.535000376172272,0.766666666666667,xgboost,node_stats_nbrs_umap_16_seed_2,node_stats,0,True,umap,0,True,2
171,0.705263157894737,0.747826086956522,0.471195709684837,0.707111111111111,h2o,node2vec_dim_128,node2vec,128,False,no_compression,128,False,NA
172,0.757894736842105,0.747252747252747,0.515097894075602,0.757777777777778,xgboost,gcn_dim_64_umap_16_seed_2,gcn,16,True,umap,16,True,2
173,0.757894736842105,0.745762711864407,0.516397779494322,0.821111111111111,h2o,gcn_dim_128_umap_16_seed_0,gcn,16,True,umap,16,True,0
174,0.705263157894737,0.745762711864407,0.474341649025257,0.770666666666667,h2o,node2vec_dim_64,node2vec,64,False,no_compression,64,False,NA
175,0.747368421052632,0.74468085106383,0.497335897728167,0.748888888888889,xgboost,gcn_node_stats_cols_dim_64_umap_16_seed_1,gcn_gf,64,True,umap,64,True,1
176,0.747368421052632,0.74468085106383,0.497335897728167,0.748888888888889,xgboost,gcn_node_stats_cols_dim_4,gcn_gf,4,False,no_compression,4,False,NA
177,0.768421052631579,0.744186046511628,0.535411676145493,0.765555555555556,xgboost,struc2vec_dim_4,struc2vec,4,False,no_compression,4,False,NA
178,0.768421052631579,0.744186046511628,0.535411676145493,0.765555555555556,xgboost,rolx_dim_8,rolx,8,False,no_compression,8,False,NA
179,0.768421052631579,0.744186046511628,0.535411676145493,0.765555555555556,xgboost,rolx_dim_32_pca_16,rolx,32,True,pca,32,False,NA
180,0.715789473684211,0.742857142857143,0.462343924759377,0.770666666666667,h2o,node2vec_dim_64_umap_16_seed_0,node2vec,64,True,umap,64,True,0
181,0.736842105263158,0.742268041237113,0.481500338555045,0.74,xgboost,gcn_node_stats_cols_dim_64_umap_16_seed_2,gcn_gf,64,True,umap,64,True,2
182,0.757894736842105,0.741573033707865,0.514019149715757,0.756666666666667,xgboost,struc2vec_dim_64_umap_16_seed_2,struc2vec,64,True,umap,64,True,2
183,0.757894736842105,0.741573033707865,0.514019149715757,0.756666666666667,xgboost,gcn_degree_cols_dim_128_umap_16_seed_1,gcn_degree,128,True,umap,128,True,1
184,0.726315789473684,0.740740740740741,0.453096586562788,0.790444444444444,h2o,node2vec_dim_128_pca_16,node2vec,128,True,pca,128,False,NA
185,0.747368421052632,0.739130434782609,0.494896133366507,0.747777777777778,xgboost,gcn_dim_64_umap_16_seed_0,gcn,16,True,umap,16,True,0
186,0.726315789473684,0.737864077669903,0.455086426274743,0.754,h2o,node2vec_dim_8,node2vec,8,False,no_compression,8,False,NA
187,0.778947368421053,0.736842105263158,0.572826772649328,0.808,h2o,gcn_dim_4,gcn,4,False,no_compression,4,False,NA
188,0.726315789473684,0.736842105263158,0.477248021652162,0.794,h2o,gcn_node_stats_cols_dim_4,gcn_gf,4,False,no_compression,4,False,NA
189,0.757894736842105,0.735632183908046,0.513859040114813,0.755555555555556,xgboost,gcn_node_stats_cols_dim_32_umap_16_seed_2,gcn_gf,32,True,umap,32,True,2
190,0.694736842105263,0.73394495412844,0.435437406256083,0.738222222222222,h2o,node2vec_dim_4,node2vec,4,False,no_compression,4,False,NA
191,0.768421052631579,0.729166666666667,0.570729592903617,0.804666666666667,h2o,gcn_degree_cols_dim_4,gcn_degree,4,False,no_compression,4,False,NA
192,0.715789473684211,0.728971962616822,0.435143217377075,0.755777777777778,h2o,node2vec_dim_32,node2vec,32,False,no_compression,32,False,NA
193,0.715789473684211,0.728813559322034,0.430728411425288,0.748444444444445,h2o,node2vec_dim_32_umap_16_seed_2,node2vec,32,True,umap,32,True,2
194,0.726315789473684,0.727272727272727,0.452730095097611,0.751333333333333,h2o,deepwalk_dim_16,deepwalk,16,False,no_compression,16,False,NA
195,0.705263157894737,0.725490196078431,0.430331482911935,0.733777777777778,h2o,node2vec_dim_64_pca_16,node2vec,64,True,pca,64,False,NA
196,0.736842105263158,0.725274725274725,0.472913152750445,0.722222222222222,h2o,deepwalk_dim_64,deepwalk,64,False,no_compression,64,False,NA
197,0.757894736842105,0.72289156626506,0.516397779494322,0.753333333333333,xgboost,struc2vec_dim_128_pca_16,struc2vec,128,True,pca,128,False,NA
198,0.757894736842105,0.72289156626506,0.516397779494322,0.753333333333333,xgboost,struc2vec_dim_32,struc2vec,32,False,no_compression,32,False,NA
199,0.747368421052632,0.72093023255814,0.492847568000035,0.744444444444444,xgboost,gcn_dim_32_umap_16_seed_1,gcn,16,True,umap,16,True,1
200,0.747368421052632,0.72093023255814,0.492847568000035,0.744444444444444,xgboost,gcn_degree_cols_dim_128,gcn_degree,128,False,no_compression,128,False,NA
201,0.747368421052632,0.72093023255814,0.492847568000035,0.744444444444444,xgboost,node_stats_nbrs_umap_16_seed_0,node_stats,0,True,umap,0,True,0
202,0.68421052631579,0.720720720720721,0.399959361688127,0.726444444444444,h2o,node2vec_dim_128_umap_16_seed_0,node2vec,128,True,umap,128,True,0
203,0.757894736842105,0.72,0.534699105949443,0.796888888888889,h2o,gcn_dim_8,gcn,8,False,no_compression,8,False,NA
204,0.736842105263158,0.719101123595506,0.471740518353855,0.735555555555556,xgboost,gcn_node_stats_cols_dim_128,gcn_gf,128,False,no_compression,128,False,NA
205,0.736842105263158,0.719101123595506,0.471740518353855,0.735555555555556,xgboost,gcn_dim_32_umap_16_seed_2,gcn,16,True,umap,16,True,2
206,0.736842105263158,0.719101123595506,0.471740518353855,0.735555555555556,xgboost,gcn_dim_128_umap_16_seed_1,gcn,16,True,umap,16,True,1
207,0.757894736842105,0.716049382716049,0.519191228048679,0.752222222222222,xgboost,struc2vec_dim_128,struc2vec,128,False,no_compression,128,False,NA
208,0.715789473684211,0.71578947368421,0.435555555555555,0.762,h2o,node2vec_dim_32_pca_16,node2vec,32,True,pca,32,False,NA
209,0.705263157894737,0.715596330275229,0.408254521312078,0.725333333333333,h2o,node2vec_dim_16,node2vec,16,False,no_compression,16,False,NA
210,0.747368421052632,0.714285714285714,0.4939654152892,0.743333333333333,xgboost,gcn_degree_cols_dim_64_umap_16_seed_2,gcn_degree,64,True,umap,64,True,2
211,0.694736842105263,0.714285714285714,0.390590670280292,0.724,h2o,deepwalk_dim_32,deepwalk,32,False,no_compression,32,False,NA
212,0.747368421052632,0.714285714285714,0.4939654152892,0.743333333333333,xgboost,gcn_degree_cols_dim_8,gcn_degree,8,False,no_compression,8,False,NA
213,0.736842105263158,0.71264367816092,0.47140981506185,0.734444444444444,xgboost,gcn_node_stats_cols_dim_32_umap_16_seed_0,gcn_gf,32,True,umap,32,True,0
214,0.736842105263158,0.71264367816092,0.47140981506185,0.734444444444444,xgboost,rolx_dim_32_umap_16_seed_2,rolx,32,True,umap,32,True,2
215,0.736842105263158,0.71264367816092,0.47140981506185,0.734444444444444,xgboost,gcn_degree_cols_dim_64,gcn_degree,64,False,no_compression,64,False,NA
216,0.757894736842105,0.708860759493671,0.523097697485207,0.751111111111111,xgboost,gcn_dim_64_pca_16,gcn,16,True,pca,16,False,NA
217,0.747368421052632,0.707317073170732,0.49604420463947,0.742222222222222,xgboost,gcn_dim_32_pca_16,gcn,16,True,pca,16,False,NA
218,0.747368421052632,0.707317073170732,0.49604420463947,0.742222222222222,xgboost,gcn_degree_cols_dim_32_umap_16_seed_2,gcn_degree,32,True,umap,32,True,2
219,0.694736842105263,0.707070707070707,0.400998703054574,0.709111111111111,h2o,node2vec_dim_128_umap_16_seed_2,node2vec,128,True,umap,128,True,2
220,0.68421052631579,0.706896551724138,0.409114308445106,0.715111111111111,h2o,deepwalk_dim_8,deepwalk,8,False,no_compression,8,False,NA
221,0.736842105263158,0.705882352941176,0.471939903724269,0.733333333333333,xgboost,gcn_dim_4,gcn,4,False,no_compression,4,False,NA
222,0.736842105263158,0.705882352941176,0.471939903724269,0.733333333333333,xgboost,node_stats_umap_16_seed_1,node_stats,0,True,umap,0,True,1
223,0.726315789473684,0.704545454545454,0.450291983278329,0.724444444444444,xgboost,rolx_dim_32_umap_16_seed_1,rolx,32,True,umap,32,True,1
224,0.747368421052632,0.7,0.499147421257636,0.741111111111111,xgboost,struc2vec_dim_32_umap_16_seed_1,struc2vec,32,True,umap,32,True,1
225,0.736842105263158,0.698795180722892,0.473364631203129,0.732222222222222,xgboost,gcn_dim_128_umap_16_seed_2,gcn,16,True,umap,16,True,2
226,0.715789473684211,0.696629213483146,0.429461886991953,0.714444444444444,xgboost,gcn_dim_8,gcn,8,False,no_compression,8,False,NA
227,0.715789473684211,0.696629213483146,0.429461886991953,0.714444444444444,xgboost,node_stats_umap_16_seed_0,node_stats,0,True,umap,0,True,0
228,0.68421052631579,0.696428571428571,0.365155243563662,0.725111111111111,h2o,deepwalk_dim_128,deepwalk,128,False,no_compression,128,False,NA
229,0.715789473684211,0.689655172413793,0.428960590008887,0.713333333333333,xgboost,gcn_dim_128_umap_16_seed_0,gcn,16,True,umap,16,True,0
230,0.705263157894737,0.688888888888889,0.408888888888889,0.704444444444444,xgboost,gcn_dim_32,gcn,32,False,no_compression,32,False,NA
231,0.694736842105263,0.688172043010753,0.390590670280292,0.695555555555556,xgboost,gcn_degree_cols_dim_4,gcn_degree,4,False,no_compression,4,False,NA
232,0.610526315789474,0.6875,0.306897452761713,0.594666666666667,h2o,deepwalk_dim_64_umap_16_seed_1,deepwalk,64,True,umap,64,True,1
233,0.642105263157895,0.6875,0.307504218765929,0.647111111111111,h2o,deepwalk_dim_32_umap_16_seed_0,deepwalk,32,True,umap,32,True,0
234,0.631578947368421,0.684684684684685,0.308402399373977,0.64,h2o,deepwalk_dim_128_umap_16_seed_2,deepwalk,128,True,umap,128,True,2
235,0.726315789473684,0.682926829268293,0.45281099414337,0.721111111111111,xgboost,struc2vec_dim_64_umap_16_seed_0,struc2vec,64,True,umap,64,True,0
236,0.726315789473684,0.682926829268293,0.45281099414337,0.721111111111111,xgboost,gcn_node_stats_cols_dim_32_umap_16_seed_1,gcn_gf,32,True,umap,32,True,1
237,0.610526315789474,0.682539682539683,0.275457683022628,0.602,h2o,deepwalk_dim_128_umap_16_seed_1,deepwalk,128,True,umap,128,True,1
238,0.715789473684211,0.682352941176471,0.429240579101597,0.712222222222222,xgboost,node_stats_nbrs_umap_16_seed_1,node_stats,0,True,umap,0,True,1
239,0.715789473684211,0.682352941176471,0.429240579101597,0.712222222222222,xgboost,rolx_dim_64_umap_16_seed_0,rolx,64,True,umap,64,True,0
240,0.726315789473684,0.675,0.455443269165954,0.72,xgboost,struc2vec_dim_32_umap_16_seed_0,struc2vec,32,True,umap,32,True,0
241,0.715789473684211,0.674698795180723,0.430331482911935,0.711111111111111,xgboost,struc2vec_dim_64_pca_16,struc2vec,64,True,pca,64,False,NA
242,0.715789473684211,0.674698795180723,0.430331482911935,0.711111111111111,xgboost,gcn_degree_cols_dim_64_umap_16_seed_0,gcn_degree,64,True,umap,64,True,0
243,0.715789473684211,0.674698795180723,0.430331482911935,0.711111111111111,xgboost,gcn_node_stats_cols_dim_8,gcn_gf,8,False,no_compression,8,False,NA
244,0.705263157894737,0.674418604651163,0.40771935170912,0.702222222222222,xgboost,rolx_dim_4,rolx,4,False,no_compression,4,False,NA
245,0.705263157894737,0.674418604651163,0.40771935170912,0.702222222222222,xgboost,gcn_degree_cols_dim_64_umap_16_seed_1,gcn_degree,64,True,umap,64,True,1
246,0.694736842105263,0.674157303370787,0.387183255630051,0.693333333333333,xgboost,gcn_degree_cols_dim_16,gcn_degree,16,False,no_compression,16,False,NA
247,0.694736842105263,0.674157303370787,0.387183255630051,0.693333333333333,xgboost,struc2vec_dim_128_umap_16_seed_0,struc2vec,128,True,umap,128,True,0
248,0.621052631578947,0.67175572519084,0.319642200990256,0.622666666666667,h2o,deepwalk_dim_64_pca_16,deepwalk,64,True,pca,64,False,NA
249,0.578947368421053,0.671641791044776,0.246321248176788,0.571777777777778,h2o,emb_all_umap_16_seed_1,all_embeddings,0,True,umap,0,True,1
250,0.610526315789474,0.671641791044776,0.262623918216902,0.600444444444444,h2o,emb_all_umap_16_seed_2,all_embeddings,0,True,umap,0,True,2
251,0.621052631578947,0.671641791044776,0.258198889747161,0.624888888888889,h2o,deepwalk_dim_128_umap_16_seed_0,deepwalk,128,True,umap,128,True,0
252,0.705263157894737,0.666666666666667,0.408254521312078,0.701111111111111,xgboost,gcn_dim_32_umap_16_seed_0,gcn,16,True,umap,16,True,0
253,0.663157894736842,0.666666666666667,0.328788022259047,0.686888888888889,h2o,deepwalk_dim_128_pca_16,deepwalk,128,True,pca,128,False,NA
254,0.568421052631579,0.661538461538461,0.188006396776169,0.536,h2o,emb_all_umap_16_seed_0,all_embeddings,0,True,umap,0,True,0
255,0.694736842105263,0.658823529411765,0.386541254478925,0.691111111111111,xgboost,struc2vec_dim_128_umap_16_seed_2,struc2vec,128,True,umap,128,True,2
256,0.621052631578947,0.656934306569343,0.23746291912729,0.591111111111111,h2o,deepwalk_dim_64_umap_16_seed_0,deepwalk,64,True,umap,64,True,0
257,0.568421052631579,0.656934306569343,0.177122977108019,0.567777777777778,h2o,deepwalk_dim_32_umap_16_seed_1,deepwalk,32,True,umap,32,True,1
258,0.663157894736842,0.655737704918033,0.358309263605518,0.672444444444444,h2o,deepwalk_dim_32_pca_16,deepwalk,32,True,pca,32,False,NA
259,0.694736842105263,0.650602409638554,0.387298334620742,0.69,xgboost,node2vec_dim_32_umap_16_seed_1,node2vec,32,True,umap,32,True,1
260,0.6,0.648148148148148,0.230069769342763,0.579111111111111,h2o,deepwalk_dim_64_umap_16_seed_2,deepwalk,64,True,umap,64,True,2
261,0.610526315789474,0.647482014388489,0.218068730182442,0.586222222222222,h2o,deepwalk_dim_32_umap_16_seed_2,deepwalk,32,True,umap,32,True,2
262,0.663157894736842,0.647482014388489,0.322591135418205,0.635555555555556,h2o,deepwalk_dim_4,deepwalk,4,False,no_compression,4,False,NA
263,0.694736842105263,0.641975308641975,0.388821624529847,0.688888888888889,xgboost,gcn_degree_cols_dim_32_umap_16_seed_0,gcn_degree,32,True,umap,32,True,0
264,0.694736842105263,0.641975308641975,0.388821624529847,0.688888888888889,xgboost,struc2vec_dim_128_umap_16_seed_1,struc2vec,128,True,umap,128,True,1
265,0.673684210526316,0.635294117647059,0.343841929856253,0.67,xgboost,gcn_dim_16,gcn,16,False,no_compression,16,False,NA
266,0.673684210526316,0.635294117647059,0.343841929856253,0.67,xgboost,node_stats_umap_16_seed_2,node_stats,0,True,umap,0,True,2
267,0.652631578947368,0.629213483146067,0.302625992906246,0.651111111111111,xgboost,node2vec_dim_128,node2vec,128,False,no_compression,128,False,NA
268,0.68421052631579,0.615384615384615,0.370529725683188,0.676666666666667,xgboost,struc2vec_dim_64,struc2vec,64,False,no_compression,64,False,NA
269,0.652631578947368,0.602409638554217,0.301232038038355,0.647777777777778,xgboost,node2vec_dim_32,node2vec,32,False,no_compression,32,False,NA
270,0.631578947368421,0.597701149425287,0.259163689797036,0.628888888888889,xgboost,deepwalk_dim_128_pca_16,deepwalk,128,True,pca,128,False,NA
271,0.621052631578947,0.590909090909091,0.238521001043471,0.618888888888889,xgboost,deepwalk_dim_8,deepwalk,8,False,no_compression,8,False,NA
272,0.610526315789474,0.584269662921348,0.218068730182442,0.608888888888889,xgboost,deepwalk_dim_64,deepwalk,64,False,no_compression,64,False,NA
273,0.642105263157895,0.575,0.280626660799224,0.635555555555556,xgboost,node2vec_dim_64_umap_16_seed_2,node2vec,64,True,umap,64,True,2
274,0.621052631578947,0.571428571428571,0.236832733357835,0.616666666666667,xgboost,node2vec_dim_128_umap_16_seed_2,node2vec,128,True,umap,128,True,2
275,0.652631578947368,0.571428571428571,0.305194591985298,0.644444444444444,xgboost,node2vec_dim_8,node2vec,8,False,no_compression,8,False,NA
276,0.631578947368421,0.567901234567901,0.258452021011016,0.625555555555555,xgboost,node2vec_dim_64_pca_16,node2vec,64,True,pca,64,False,NA
277,0.610526315789474,0.564705882352941,0.215743955988237,0.606666666666667,xgboost,node2vec_dim_4,node2vec,4,False,no_compression,4,False,NA
278,0.621052631578947,0.560975609756098,0.236644941662867,0.615555555555556,xgboost,node2vec_dim_32_umap_16_seed_0,node2vec,32,True,umap,32,True,0
279,0.6,0.558139534883721,0.194898810981832,0.596666666666667,xgboost,node2vec_dim_128_umap_16_seed_0,node2vec,128,True,umap,128,True,0
280,0.6,0.547619047619048,0.193977286369275,0.595555555555555,xgboost,node2vec_dim_64,node2vec,64,False,no_compression,64,False,NA
281,0.6,0.547619047619048,0.193977286369275,0.595555555555555,xgboost,node2vec_dim_128_umap_16_seed_1,node2vec,128,True,umap,128,True,1
282,0.610526315789474,0.54320987654321,0.214995486504739,0.604444444444444,xgboost,deepwalk_dim_32,deepwalk,32,False,no_compression,32,False,NA
283,0.589473684210526,0.541176470588235,0.173044631365565,0.585555555555555,xgboost,deepwalk_dim_128_umap_16_seed_0,deepwalk,128,True,umap,128,True,0
284,0.621052631578947,0.538461538461538,0.237698314589215,0.613333333333333,xgboost,node2vec_dim_16,node2vec,16,False,no_compression,16,False,NA
285,0.621052631578947,0.538461538461538,0.237698314589215,0.613333333333333,xgboost,deepwalk_dim_16,deepwalk,16,False,no_compression,16,False,NA
286,0.621052631578947,0.526315789473684,0.239017271912306,0.612222222222222,xgboost,node2vec_dim_64_umap_16_seed_0,node2vec,64,True,umap,64,True,0
287,0.610526315789474,0.51948051948052,0.215983865097287,0.602222222222222,xgboost,node2vec_dim_128_pca_16,node2vec,128,True,pca,128,False,NA
288,0.589473684210526,0.518518518518519,0.171538951998462,0.583333333333333,xgboost,deepwalk_dim_64_umap_16_seed_0,deepwalk,64,True,umap,64,True,0
289,0.6,0.512820512820513,0.19342117755789,0.592222222222222,xgboost,deepwalk_dim_32_umap_16_seed_0,deepwalk,32,True,umap,32,True,0
290,0.578947368421053,0.51219512195122,0.150178520670665,0.573333333333333,xgboost,node2vec_dim_32_umap_16_seed_2,node2vec,32,True,umap,32,True,2
291,0.610526315789474,0.506666666666667,0.217221511791961,0.601111111111111,xgboost,deepwalk_dim_32_pca_16,deepwalk,32,True,pca,32,False,NA
292,0.589473684210526,0.493506493506493,0.171378501653283,0.581111111111111,xgboost,node2vec_dim_32_pca_16,node2vec,32,True,pca,32,False,NA
293,0.578947368421053,0.487179487179487,0.149144040526566,0.571111111111111,xgboost,deepwalk_dim_64_pca_16,deepwalk,64,True,pca,64,False,NA
294,0.536842105263158,0.476190476190476,0.065410945403593,0.532222222222222,xgboost,deepwalk_dim_64_umap_16_seed_1,deepwalk,64,True,umap,64,True,1
295,0.589473684210526,0.450704225352113,0.174206985584203,0.577777777777778,xgboost,node2vec_dim_64_umap_16_seed_1,node2vec,64,True,umap,64,True,1
296,0.536842105263158,0.45,0.062105900340812,0.53,xgboost,deepwalk_dim_128,deepwalk,128,False,no_compression,128,False,NA
297,0.526315789473684,0.430379746835443,0.03934805689048,0.518888888888889,xgboost,deepwalk_dim_128_umap_16_seed_2,deepwalk,128,True,umap,128,True,2
298,0.515789473684211,0.425,0.01840174824913,0.508888888888889,xgboost,deepwalk_dim_32_umap_16_seed_2,deepwalk,32,True,umap,32,True,2
299,0.505263157894737,0.419753086419753,-0.002287186026646,0.498888888888889,xgboost,deepwalk_dim_128_umap_16_seed_1,deepwalk,128,True,umap,128,True,1
300,0.505263157894737,0.405063291139241,-0.004629183163586,0.497777777777778,xgboost,deepwalk_dim_32_umap_16_seed_1,deepwalk,32,True,umap,32,True,1
301,0.515789473684211,0.394736842105263,0.014199045856177,0.506666666666667,xgboost,emb_all_umap_16_seed_1,all_embeddings,0,True,umap,0,True,1
302,0.505263157894737,0.373333333333333,-0.009548198320526,0.495555555555556,xgboost,deepwalk_dim_4,deepwalk,4,False,no_compression,4,False,NA
303,0.463157894736842,0.354430379746835,-0.092583663271718,0.455555555555555,xgboost,emb_all_umap_16_seed_0,all_embeddings,0,True,umap,0,True,0
304,0.442105263157895,0.329113924050633,-0.136560903325784,0.434444444444444,xgboost,emb_all_umap_16_seed_2,all_embeddings,0,True,umap,0,True,2
305,0.494736842105263,0.294117647058823,-0.044034949278015,0.481111111111111,xgboost,deepwalk_dim_64_umap_16_seed_2,deepwalk,64,True,umap,64,True,2
